KIDS_TILE,KIDS_ID,RAJ2000,DECJ2000,MAG_AUTO,paper
KIDS_214.6_2.5,KiDSDR4 J141728.099+015935.16,214.367082,1.9931,19.0462,P+19
KIDS_140.0_-0.5,KiDSDR4 J092124.677-005826.94,140.352825,-0.974151,18.4439,P+19
KIDS_350.8_-30.2,KiDSDR4 J232229.475-303836.11,350.622815,-30.643365,18.1664,P+19
KIDS_207.0_-1.5,KiDSDR4 J134843.009-015644.59,207.179206,-1.945721,18.8398,P+19
KIDS_205.0_-1.5,KiDSDR4 J134147.322-015631.92,205.447176,-1.942201,18.1087,P+19
KIDS_331.8_-28.2,KiDSDR4 J220828.556-283708.05,332.118984,-28.618904,18.8319,P+19
KIDS_131.0_-0.5,KiDSDR4 J084520.156-005456.26,131.333984,-0.915629,18.71,P+19
KIDS_221.6_-3.5,KiDSDR4 J144642.880-035102.14,221.678668,-3.850596,19.3181,P+19
KIDS_169.5_-2.5,KiDSDR4 J111555.997-025204.81,168.983322,-2.868003,17.7713,P+19
KIDS_46.7_-29.2,KiDSDR4 J030540.105-293416.08,46.417108,-29.571136,18.5989,P+19
KIDS_47.1_-27.2,KiDSDR4 J030639.688-273626.93,46.66537,-27.607481,18.6558,P+19
KIDS_141.0_-1.5,KiDSDR4 J092434.390-015417.21,141.143293,-1.904782,18.4054,P+19
KIDS_23.0_-30.2,KiDSDR4 J013403.712-303226.82,23.515468,-30.540786,19.2048,P+19
KIDS_199.6_2.5,KiDSDR4 J131959.364+020704.85,199.997353,2.118014,17.4773,P+19
KIDS_10.6_-32.1,KiDSDR4 J004204.610-323222.56,10.519212,-32.539602,19.1097,P+19
KIDS_173.0_-1.5,KiDSDR4 J113136.132-014838.23,172.900553,-1.810622,18.1156,P+19
KIDS_185.5_2.5,KiDSDR4 J122241.320+020559.12,185.672168,2.099758,16.807,P+19
KIDS_356.4_-33.1,KiDSDR4 J234719.642-333022.28,356.831844,-33.50619,18.5899,P+19
KIDS_205.0_-1.5,KiDSDR4 J134058.433-015115.59,205.243471,-1.854331,19.7026,P+19
KIDS_16.8_-34.1,KiDSDR4 J010642.065-342401.02,16.675274,-34.400284,18.3333,P+19
KIDS_23.0_-30.2,KiDSDR4 J013030.946-302728.89,22.628945,-30.458027,18.328,P+19
KIDS_231.0_-0.5,KiDSDR4 J152231.646-004502.98,230.631859,-0.750829,19.1682,P+19
KIDS_50.4_-34.1,KiDSDR4 J032219.773-342456.27,50.582391,-34.415633,18.4054,P+19
KIDS_238.0_-1.5,KiDSDR4 J155200.107-014707.36,238.000448,-1.785379,16.7806,P+19
KIDS_177.0_-1.5,KiDSDR4 J114621.135-014052.32,176.588066,-1.681202,19.3181,P+19
KIDS_349.7_-29.2,KiDSDR4 J231645.663-292343.20,349.190266,-29.395334,19.6604,P+19
KIDS_181.5_-2.5,KiDSDR4 J120447.209-024312.34,181.196706,-2.720097,13.6892,P+19
KIDS_176.0_0.5,KiDSDR4 J114444.815+001346.70,176.18673,0.22964,19.2629,P+19
KIDS_357.6_-34.1,KiDSDR4 J235057.617-342455.91,357.740074,-34.415532,18.4505,P+19
KIDS_34.5_-33.1,KiDSDR4 J021624.972-332404.57,34.104054,-33.401271,18.8456,P+19
KIDS_186.0_-0.5,KiDSDR4 J122450.300-004215.16,186.209584,-0.704212,18.263,P+19
KIDS_186.0_-0.5,KiDSDR4 J122438.634-004153.02,186.160979,-0.698063,18.6198,P+19
KIDS_222.0_-0.5,KiDSDR4 J144603.494-004016.70,221.514559,-0.671306,17.5476,P+19
KIDS_345.4_-35.1,KiDSDR4 J230024.524-351232.44,345.102185,-35.209013,18.7562,P+19
KIDS_345.4_-35.1,KiDSDR4 J230024.723-351233.67,345.103013,-35.209355,19.6068,P+19
KIDS_21.4_-33.1,KiDSDR4 J012716.580-332153.33,21.819084,-33.364816,15.7278,P+19
KIDS_204.0_1.5,KiDSDR4 J133708.008+011303.68,204.283368,1.217691,17.5367,P+19
KIDS_204.0_0.5,KiDSDR4 J133459.471+001617.50,203.747796,0.271528,19.1348,P+19
KIDS_226.0_-1.5,KiDSDR4 J150426.640-014235.94,226.111002,-1.709985,17.7649,P+19
KIDS_176.0_-1.5,KiDSDR4 J114329.639-014429.98,175.8735,-1.741662,15.539,P+19
KIDS_221.0_0.5,KiDSDR4 J144232.511+001730.68,220.635466,0.291857,17.4136,P+19
KIDS_215.6_-2.5,KiDSDR4 J142235.405-023857.36,215.647521,-2.649267,18.7883,P+19
KIDS_30.9_-33.1,KiDSDR4 J020505.970-331746.64,31.274878,-33.29629,18.7981,P+19
KIDS_185.5_-2.5,KiDSDR4 J122235.315-022516.20,185.647146,-2.421167,18.4527,P+19
KIDS_234.0_1.5,KiDSDR4 J153712.361+012816.98,234.301507,1.471384,17.1675,P+19
KIDS_156.0_-0.5,KiDSDR4 J102208.684-002517.49,155.536184,-0.421526,18.2727,P+19
KIDS_216.0_-0.5,KiDSDR4 J142249.668-003311.70,215.706951,-0.553251,19.2668,P+19
KIDS_184.0_-0.5,KiDSDR4 J121424.132-003205.53,183.600552,-0.534872,19.0737,P+19
KIDS_49.4_-32.1,KiDSDR4 J031522.702-320228.59,48.844595,-32.041277,18.8325,P+19
KIDS_133.0_1.5,KiDSDR4 J085156.915+013018.16,132.987147,1.505047,21.2512,P+19
KIDS_333.9_-33.1,KiDSDR4 J221339.008-331156.34,333.412536,-33.198985,16.9414,P+19
KIDS_179.5_-2.5,KiDSDR4 J115855.204-023108.19,179.730017,-2.518944,17.4387,P+19
KIDS_352.8_-34.1,KiDSDR4 J233105.551-335829.71,352.773132,-33.97492,17.2093,P+19
KIDS_35.3_-32.1,KiDSDR4 J022237.850-320929.40,35.65771,-32.158167,17.7463,P+19
KIDS_35.0_-31.2,KiDSDR4 J021751.652-310251.90,34.46522,-31.047752,17.7945,P+19
KIDS_38.0_-33.1,KiDSDR4 J023106.713-325844.34,37.777972,-32.978984,19.8769,P+19
KIDS_215.0_-0.5,KiDSDR4 J141918.509-002513.17,214.827121,-0.420325,18.6101,P+19
KIDS_131.0_1.5,KiDSDR4 J084211.147+013835.75,130.546449,1.643264,18.6501,P+19
KIDS_331.5_-33.1,KiDSDR4 J220622.345-330245.17,331.593108,-33.045882,19.5329,P+19
KIDS_46.7_-29.2,KiDSDR4 J030846.015-290325.54,47.191732,-29.057096,18.5729,P+19
KIDS_232.0_0.5,KiDSDR4 J152800.833+004032.36,232.003472,0.675657,18.8864,P+19
KIDS_134.0_-1.5,KiDSDR4 J085446.547-012137.03,133.693949,-1.360288,17.7796,P+19
KIDS_357.6_-33.1,KiDSDR4 J235104.583-325322.01,357.769097,-32.889448,17.6395,P+19
KIDS_348.6_-29.2,KiDSDR4 J231318.634-290326.05,348.327643,-29.057237,17.3575,P+19
KIDS_178.0_0.5,KiDSDR4 J115252.263+004733.11,178.217764,0.792533,19.5252,P+19
KIDS_175.0_-0.5,KiDSDR4 J113913.181-000009.43,174.804925,-0.002621,18.8849,P+19
KIDS_199.0_1.5,KiDSDR4 J131529.230+013223.65,198.871792,1.539903,19.3517,P+19
KIDS_180.0_-0.5,KiDSDR4 J120139.878-001226.26,180.416162,-0.207296,17.6801,P+19
KIDS_343.0_-35.1,KiDSDR4 J225400.131-344651.58,343.500547,-34.780997,18.9495,P+19
KIDS_159.4_-2.5,KiDSDR4 J103907.380-021630.07,159.780754,-2.275022,16.9663,P+19
KIDS_335.7_-35.1,KiDSDR4 J222129.164-345640.34,335.371517,-34.94454,18.5049,P+19
KIDS_189.0_-0.5,KiDSDR4 J123421.817-000925.99,188.590905,-0.15722,19.1807,P+19
KIDS_179.0_0.5,KiDSDR4 J115520.776+005304.50,178.836567,0.884585,18.2815,P+19
KIDS_10.5_-31.2,KiDSDR4 J004346.104-304929.18,10.942101,-30.824774,18.7469,P+19
KIDS_20.5_-29.2,KiDSDR4 J012147.296-284509.87,20.447068,-28.752742,19.3344,P+19
KIDS_217.0_0.5,KiDSDR4 J142706.615+004314.90,216.777563,0.720806,17.8898,P+19
KIDS_171.0_-0.5,KiDSDR4 J112253.191-000210.88,170.72163,-0.036357,20.4484,P+19
KIDS_37.3_-31.2,KiDSDR4 J022933.652-305017.23,37.390219,-30.83812,19.6052,P+19
KIDS_200.0_1.5,KiDSDR4 J132056.632+013950.67,200.235969,1.664077,18.3116,P+19
KIDS_129.0_1.5,KiDSDR4 J083726.163+015639.25,129.359015,1.944238,18.8762,P+19
KIDS_183.0_1.5,KiDSDR4 J121215.544+015448.72,183.064767,1.913534,18.7571,P+19
KIDS_183.0_1.5,KiDSDR4 J121217.625+015308.19,183.07344,1.885609,18.4043,P+19
KIDS_334.0_-28.2,KiDSDR4 J221600.964-274544.29,334.004017,-27.762303,19.0331,P+19
KIDS_331.5_-33.1,KiDSDR4 J220636.133-324257.81,331.650557,-32.716061,18.4968,P+19
KIDS_205.0_-1.5,KiDSDR4 J133844.788-010904.82,204.686617,-1.151341,18.8911,P+19
KIDS_21.6_-29.2,KiDSDR4 J012647.465-284815.00,21.697774,-28.804168,17.9753,P+19
KIDS_31.2_-34.1,KiDSDR4 J020628.689-334748.67,31.619539,-33.796853,18.6539,P+19
KIDS_39.6_-34.1,KIDS J024000.80-341812.44,40.00337,-34.30345,17.6939,P+19
KIDS_353.9_-35.1,KiDSDR4 J233620.260-352554.42,354.084418,-35.431786,21.8644,Li+20
KIDS_183.0_0.5,KiDSDR4 J121234.927+000754.48,183.145531,0.1318,16.7311,Li+20
KIDS_5.6_-28.2,KiDSDR4 J002105.099-283818.44,5.271248,-28.638458,18.8805,Li+20
KIDS_34.2_-29.2,KiDSDR4 J021609.168-293550.74,34.0382,-29.597429,20.2791,Li+20
KIDS_346.0_-31.2,KiDSDR4 J230527.508-313700.76,346.364619,-31.61688,18.5917,Li+20
KIDS_235.0_1.5,KiDSDR4 J154051.806+010640.91,235.21586,1.111366,17.3068,Li+20
KIDS_358.9_-28.2,KiDSDR4 J235510.007-283212.34,358.791698,-28.536762,16.2408,Li+20
KIDS_354.1_-32.1,KiDSDR4 J233533.673-322722.06,353.890307,-32.456128,19.5862,Li+20
KIDS_195.0_-0.5,KiDSDR4 J125814.219-005013.87,194.55925,-0.837188,19.6804,Li+20
KIDS_161.0_0.5,KiDSDR4 J104223.370+001519.82,160.597376,0.255506,22.6051,Li+20
KIDS_2.4_-34.1,KiDSDR4 J000820.374-342718.99,2.084894,-34.455275,19.1614,Li+20
KIDS_348.1_-33.1,KiDSDR4 J231242.301-332318.44,348.176257,-33.388457,19.8282,Li+20
KIDS_8.2_-31.2,KiDSDR4 J003151.142-312638.83,7.963094,-31.44412,19.7441,Li+20
KIDS_168.0_0.5,KiDSDR4 J111253.976+001044.65,168.224904,0.179072,18.2554,Li+20
KIDS_33.6_-34.1,KiDSDR4 J021555.605-342425.72,33.98169,-34.407147,19.2952,Li+20
KIDS_337.4_-28.2,KiDSDR4 J223123.786-282504.50,337.849109,-28.417917,18.5096,Li+20
KIDS_1.2_-35.1,KiDSDR4 J000517.478-352342.48,1.322827,-35.395134,19.4104,Li+20
KIDS_16.3_-31.2,KiDSDR4 J010704.918-312841.03,16.770493,-31.478064,20.2486,Li+20
KIDS_11.9_-33.1,KiDSDR4 J004558.739-331451.79,11.494746,-33.24772,19.177,Li+20
KIDS_48.0_-34.1,KiDSDR4 J031142.084-341928.80,47.925354,-34.324669,18.7226,Li+20
KIDS_11.4_-29.2,KiDSDR4 J004439.128-291957.30,11.163036,-29.332586,17.5186,Li+20
KIDS_349.8_-28.2,KiDSDR4 J232039.461-281711.12,350.164421,-28.286423,18.6264,Li+20
KIDS_172.0_-1.5,KiDSDR4 J112900.041-014214.01,172.250173,-1.703894,19.8947,Li+20
KIDS_195.0_-0.5,KiDSDR4 J125834.900-004241.11,194.645418,-0.711421,16.7797,Li+20
KIDS_358.8_-35.1,KiDSDR4 J235728.351-352013.03,359.368133,-35.336955,17.2675,Li+20
KIDS_130.0_-1.5,KiDSDR4 J083933.372-014044.81,129.889052,-1.679115,17.1726,Li+20
KIDS_44.9_-27.2,KiDSDR4 J025717.233-271712.02,44.321807,-27.286673,19.3549,Li+20
KIDS_31.2_-34.1,KiDSDR4 J020554.272-342019.30,31.476136,-34.338695,18.1108,Li+20
KIDS_46.7_-29.2,KiDSDR4 J030628.054-291718.77,46.616892,-29.288548,18.6135,Li+20
KIDS_357.7_-29.2,KiDSDR4 J235255.478-291728.16,358.23116,-29.291158,18.7058,Li+20
KIDS_223.0_-0.5,KiDSDR4 J145325.778-003331.75,223.357411,-0.558822,19.2185,Li+20
KIDS_340.5_-35.1,KiDSDR4 J224258.953-351223.13,340.74564,-35.206425,17.9238,Li+20
KIDS_18.2_-29.2,KiDSDR4 J011045.486-290822.53,17.689526,-29.139593,18.1723,Li+20
KIDS_333.8_-29.2,KiDSDR4 J221400.330-292031.21,333.501378,-29.342005,20.305,Li+20
KIDS_15.9_-29.2,KiDSDR4 J010257.486-291121.76,15.739527,-29.189379,17.3922,Li+20
KIDS_208.0_0.5,KiDSDR4 J135138.926+002839.99,207.912195,0.477777,19.3643,Li+20
KIDS_37.3_-31.2,KiDSDR4 J022956.259-311022.65,37.484416,-31.172959,20.7763,Li+20
KIDS_0.0_-29.2,KiDSDR4 J235920.307-290744.83,359.834614,-29.129122,18.793,Li+20
KIDS_205.0_-0.5,KiDSDR4 J134032.074-003737.83,205.133643,-0.627175,18.0478,Li+20
KIDS_5.8_-30.2,KiDSDR4 J002141.664-301029.70,5.423603,-30.174917,19.8816,Li+20
KIDS_29.7_-33.1,KiDSDR4 J015928.393-330950.36,29.868305,-33.16399,19.3458,Li+20
KIDS_185.5_-2.5,KiDSDR4 J122335.140-021030.63,185.896418,-2.175176,18.3244,Li+20
KIDS_237.0_0.5,KiDSDR4 J154712.516+002809.44,236.80215,0.469289,19.2236,Li+20
KIDS_347.8_-35.1,KiDSDR4 J231310.384-344646.65,348.293267,-34.779625,18.3085,Li+20
KIDS_48.9_-31.2,KiDSDR4 J031516.618-310754.18,48.819245,-31.131718,17.9595,Li+20
KIDS_136.0_-0.5,KiDSDR4 J090507.336-001029.85,136.28057,-0.17496,19.5882,Li+20
KIDS_0.0_-31.2,KiDSDR4 J000012.031-310943.35,0.050133,-31.162044,19.1094,Li+20
KIDS_8.2_-31.2,KiDSDR4 J003242.839-310335.44,8.178496,-31.059847,19.3225,Li+20
KIDS_26.2_-29.2,KiDSDR4 J014518.788-290539.92,26.328284,-29.094423,19.2876,Li+20
KIDS_170.5_2.5,KiDSDR4 J112152.078+023711.11,170.466993,2.619754,19.8979,Li+20
KIDS_49.2_-34.1,KiDSDR4 J031609.185-340302.43,49.038271,-34.050677,19.6548,Li+20
KIDS_352.9_-33.1,KiDSDR4 J232911.441-324256.22,352.297671,-32.715617,19.4451,Li+20
KIDS_13.7_-29.2,KiDSDR4 J005540.416-290042.46,13.918401,-29.011797,18.4132,Li+20
KIDS_356.4_-34.1,KiDSDR4 J234338.567-335641.44,355.910697,-33.944845,18.2447,Li+20
KIDS_51.3_-29.2,KiDSDR4 J032426.994-290534.50,51.112476,-29.092917,17.9235,Li+20
KIDS_51.1_-35.1,KiDSDR4 J032230.223-344711.77,50.625931,-34.786604,19.2035,Li+20
KIDS_186.0_0.5,KiDSDR4 J122456.016+005048.05,186.233401,0.846682,17.9561,Li+20
KIDS_177.5_2.5,KiDSDR4 J115110.395+025642.08,177.793313,2.945024,17.8173,Li+20
KIDS_39.5_-28.2,KiDSDR4 J023714.701-280719.03,39.311257,-28.121953,17.621,Li+20
KIDS_24.2_-30.2,KiDSDR4 J013425.700-295652.42,23.607086,-29.947897,18.7333,Li+20
KIDS_183.0_-0.5,KiDSDR4 J121314.238-001434.63,183.309326,-0.242953,18.5808,Li+20
KIDS_351.0_-28.2,KiDSDR4 J232152.835-275437.68,350.47015,-27.910469,19.6479,Li+20
KIDS_222.0_0.5,KiDSDR4 J144950.559+005534.07,222.460665,0.926133,19.3929,Li+20
KIDS_43.3_-29.2,KiDSDR4 J025334.181-284611.92,43.392423,-28.769978,19.818,Li+20
KIDS_16.3_-31.2,KiDSDR4 J010606.232-310437.84,16.525969,-31.07718,17.9758,Li+20
KIDS_183.0_1.5,KiDSDR4 J121319.575+014736.02,183.331564,1.793341,17.6254,Li+20
KIDS_195.5_2.5,KiDSDR4 J130115.900+025240.95,195.316253,2.878043,18.2863,Li+20
KIDS_340.5_-35.1,KiDSDR4 J224308.305-344213.02,340.784606,-34.703619,19.0927,Li+20
KIDS_4.6_-29.2,KiDSDR4 J001810.363-285609.54,4.54318,-28.935984,18.8359,Li+20
KIDS_206.0_-0.5,KiDSDR4 J134455.641-002015.60,206.231838,-0.337667,18.8702,Li+20
KIDS_138.0_-0.5,KiDSDR4 J091113.492-000714.23,137.80622,-0.12062,17.8836,Li+20
KIDS_343.1_-28.2,KiDSDR4 J225409.348-274934.16,343.538954,-27.826156,18.4461,Li+20
KIDS_342.0_-34.1,KiDSDR4 J224712.244-333827.77,341.801017,-33.641048,17.9418,Li+20
KIDS_40.3_-30.2,KiDSDR4 J024228.926-294305.41,40.620528,-29.718171,19.4218,Li+20
KIDS_18.8_-32.1,KiDSDR4 J011731.429-314432.70,19.380956,-31.742419,19.7469,Li+20
KIDS_17.1_-29.2,KiDSDR4 J010649.164-284137.90,16.704852,-28.693863,17.9299,Li+20
KIDS_150.1_2.2,KiDSDR4 J100108.387+024029.67,150.284948,2.67491,19.5126,Li+20
KIDS_160.0_-0.5,KiDSDR4 J104119.501-000416.30,160.331257,-0.071195,19.343,Li+20
KIDS_34.2_-29.2,KiDSDR4 J021504.013-284248.57,33.766723,-28.713492,18.5877,Li+20
KIDS_189.0_0.5,KiDSDR4 J123554.179+005550.41,188.97575,0.93067,18.4908,Li+20
KIDS_203.0_0.5,KiDSDR4 J133317.497+005907.56,203.322906,0.985436,18.7218,Li+20
KIDS_214.6_2.5,KiDSDR4 J141913.862+025635.41,214.807762,2.94317,18.8583,Li+20
KIDS_194.5_3.5,KIDS J125808.27+033208.86,194.534464079,3.53579372568,18.4582,Li+2021
KIDS_31.4_-27.2,KIDS J020706.67-272644.71,31.777780542,-27.4457522527,17.6572,Li+2021
KIDS_191.5_3.5,KIDS J124727.77+035701.16,191.865712118,3.95032211482,17.6281,Li+2021
KIDS_190.5_3.5,KIDS J124350.11+031434.75,190.958787558,3.24298710015,20.4942,Li+2021
KIDS_169.5_-3.5,KIDS J111826.56-033739.06,169.61065627,-3.62751571886,18.5258,Li+2021
KIDS_356.5_-30.2,KIDS J234804.98-302855.45,357.020743609,-30.4820703848,19.8429,Li+2021
KIDS_192.5_3.5,KIDS J124952.79+030933.21,192.469978935,3.15922563191,18.7408,Li+2021
KIDS_30.4_-35.1,KIDS J020317.64-353056.15,30.8235115757,-35.5155966952,20.4508,Li+2021
KIDS_31.6_-35.1,KIDS J020526.09-353947.36,31.3587257933,-35.6631549277,18.8324,Li+2021
KIDS_202.6_3.5,KIDS J133134.96+033139.35,202.895676994,3.52759639109,20.805,Li+2021
KIDS_217.6_3.5,KIDS J142822.48+031800.06,217.093653248,3.30001701066,20.5881,Li+2021
KIDS_195.0_1.5,KIDS J130004.86+014450.56,195.020230057,1.74737852091,20.0374,Li+2021
KIDS_161.4_-3.5,KIDS J104724.45-031242.50,161.851864138,-3.21180570197,19.3084,Li+2021
KIDS_229.6_2.5,KIDS J151737.38+024235.06,229.405767818,2.70973779173,18.5053,Li+2021
KIDS_164.5_2.5,KIDS J105559.06+022249.79,163.996066425,2.38049847057,19.0038,Li+2021
KIDS_196.5_-3.5,KIDS J130526.14-035438.01,196.358924333,-3.91055850374,18.9711,Li+2021
KIDS_193.5_-3.5,KIDS J125505.42-032459.25,193.772938754,-3.41644406008,20.0699,Li+2021
KIDS_218.6_3.5,KIDS J143354.72+030014.06,218.478004811,3.00390449469,20.474,Li+2021
KIDS_26.8_-31.2,KIDS J014907.97-313738.93,27.2832188728,-31.6274798621,20.953,Li+2021
KIDS_38.9_-35.1,KIDS J023341.29-344759.24,38.4220389784,-34.7997875669,20.7505,Li+2021
KIDS_180.5_-3.5,KIDS J120143.00-035815.58,180.429176634,-3.97099390137,18.589,Li+2021
KIDS_205.6_-3.5,KIDS J134404.67-030629.89,206.019440942,-3.10830341849,17.5325,Li+2021
KIDS_217.6_3.5,KIDS J143018.63+034441.30,217.577609142,3.74480677596,20.8596,Li+2021
KIDS_178.5_-3.5,KIDS J115351.69-033557.74,178.465030738,-3.59949473686,20.4965,Li+2021
KIDS_184.5_-3.5,KIDS J121631.22-035304.15,184.130076488,-3.88448595198,19.3739,Li+2021
KIDS_339.8_-27.2,KIDS J224120.79-272937.60,340.336624049,-27.4937773883,18.5693,Li+2021
KIDS_25.9_-32.1,KIDS J014319.43-321914.54,25.8309670575,-32.3207051605,18.9009,Li+2021
KIDS_190.5_3.5,KIDS J124157.98+034721.94,190.491582933,3.78942915194,17.9694,Li+2021
KIDS_171.5_3.5,KIDS J112610.75+033847.89,171.544771193,3.64663546532,19.4704,Li+2021
KIDS_171.5_3.5,KIDS J112610.68+033848.05,171.544771193,3.64663546532,19.1762,Li+2021
KIDS_185.5_3.5,KIDS J122203.54+030743.20,185.514736702,3.12866759289,17.351,Li+2021
KIDS_178.5_3.5,KIDS J115247.36+034255.18,178.197339214,3.71532767264,20.3757,Li+2021
KIDS_9.6_-34.1,KIDS J003639.79-342535.61,9.1658087443,-34.426559653,18.7459,Li+2021
KIDS_195.5_-3.5,KIDS J130021.54-035610.71,195.089766749,-3.93630901829,19.2234,Li+2021
KIDS_2.2_-27.2,KIDS J001011.07-270046.47,2.5461050126,-27.0129096457,17.433,Li+2021
KIDS_26.9_-27.2,KIDS J014658.63-264616.68,26.7442752755,-26.7713003698,18.978,Li+2021
KIDS_190.5_3.5,KIDS J124100.73+031802.65,190.253025037,3.30073645548,19.6761,Li+2021
KIDS_219.6_3.5,KIDS J143821.47+034020.20,219.589463912,3.67227805945,18.5578,Li+2021
KIDS_12.2_-35.1,KIDS J004919.61-352730.58,12.3317202148,-35.4584954709,19.8968,Li+2021
KIDS_349.9_-27.2,KIDS J231852.22-273759.16,349.717568736,-27.6331004521,18.9433,Li+2021
KIDS_223.6_3.5,KIDS J145605.71+033707.02,224.023803907,3.61861732362,18.9394,Li+2021
KIDS_10.9_-35.1,KIDS J004419.36-350407.80,11.0806595367,-35.0688329292,19.5136,Li+2021
KIDS_346.5_-27.2,KIDS J230502.92-264517.15,346.262152133,-26.7547642831,18.7199,Li+2021
KIDS_182.5_3.5,KIDS J120813.61+035444.17,182.056700019,3.91227006317,18.301,Li+2021
KIDS_12.2_-35.1,KIDS J004838.52-351355.91,12.160502828,-35.2321971358,20.5841,Li+2021
KIDS_186.5_3.5,KIDS J122455.77+031337.92,186.23237885,3.22719888119,18.2486,Li+2021
KIDS_187.5_3.5,KIDS J123129.73+034716.39,187.873874712,3.78788637071,20.1557,Li+2021
KIDS_203.6_-3.5,KIDS J133221.82-031517.42,203.09089604,-3.25483802116,16.5788,Li+2021
KIDS_26.8_-31.2,KIDS J014538.40-305936.15,26.4099942737,-30.9933759974,20.1657,Li+2021
KIDS_158.4_3.5,KIDS J103244.87+035608.11,158.186955376,3.93558556963,18.5431,Li+2021
KIDS_201.6_3.5,KIDS J132731.02+033655.73,201.879266527,3.61547986847,18.8195,Li+2021
KIDS_187.5_3.5,KIDS J122917.55+031330.57,187.323115373,3.22515695289,19.0799,Li+2021
KIDS_180.5_-3.5,KIDS J120355.23-033218.89,180.980132708,-3.53858006036,19.8452,Li+2021
KIDS_28.2_-32.1,KIDS J015148.40-323715.86,27.9516732581,-32.6210731733,17.9265,Li+2021
KIDS_194.5_-2.5,KIDS J125632.39-021600.64,194.134978514,-2.26684321741,19.0053,Li+2021
KIDS_23.5_-32.1,KIDS J013336.28-321114.42,23.4011654214,-32.1873391177,19.8008,Li+2021
KIDS_205.6_-3.5,KIDS J134223.83-035645.69,205.599293116,-3.94602603052,18.5063,Li+2021
KIDS_25.8_-27.2,KIDS J014320.63-271746.99,25.835963638,-27.2963859259,17.6511,Li+2021
KIDS_39.6_-34.1,KIDS J024000.80-341812.44,40.0033483078,-34.303455053,17.6939,Li+2021
KIDS_168.5_-3.5,KIDS J111401.10-033323.54,168.504570458,-3.55653984374,19.0885,Li+2021
KIDS_335.3_-27.2,KIDS J222201.35-273614.23,335.50564576,-27.6039538941,18.7133,Li+2021
KIDS_37.7_-35.1,KIDS J023206.32-352923.41,38.026346576,-35.4898371479,20.0357,Li+2021
KIDS_2.2_-27.2,KIDS J000651.87-271357.05,1.71610671204,-27.2325131331,19.591,Li+2021
KIDS_49.0_-29.2,KIDS J031418.60-284156.45,48.5775065598,-28.6990142975,20.0205,Li+2021
KIDS_7.3_-35.1,KIDS J003118.07-350132.27,7.82530988048,-35.0256305151,20.0741,Li+2021
KIDS_157.4_-3.5,KIDS J102839.00-030048.13,157.162508004,-3.01336806656,20.6399,Li+2021
KIDS_355.5_-27.2,KIDS J234124.17-271145.14,355.350728196,-27.1958723758,19.1013,Li+2021
KIDS_39.3_-27.2,KIDS J023517.89-271129.01,38.8245353796,-27.1913915445,17.9813,Li+2021
KIDS_6.1_-35.1,KIDS J002342.53-350534.93,5.92719978566,-35.0930364688,19.3053,Li+2021
KIDS_194.5_-3.5,KIDS J125940.84-032637.29,194.920168982,-3.44369152716,18.418,Li+2021
KIDS_31.4_-27.2,KIDS J020518.38-273743.38,31.3265685636,-27.6287153872,18.6231,Li+2021
KIDS_26.8_-31.2,KIDS J014535.28-313235.48,26.3969899898,-31.5431875359,18.7319,Li+2021
KIDS_9.6_-34.1,KIDS J003617.62-343420.56,9.07341773425,-34.5723774384,20.9532,Li+2021
KIDS_32.5_-27.2,KIDS J021203.87-270653.29,33.0161297913,-27.1148019279,20.2011,Li+2021
KIDS_2.3_-28.2,KIDS J000654.69-283746.64,1.72787443948,-28.6296232713,19.1697,Li+2021
KIDS_6.7_-27.2,KIDS J002823.72-265957.95,7.09883142205,-26.9994291906,19.6856,Li+2021
KIDS_206.6_-3.5,KIDS J134604.91-032322.36,206.520460787,-3.38954315372,20.5645,Li+2021
KIDS_201.0_-1.5,KIDS J132205.60-014938.03,200.523344149,-1.82722920433,20.7019,Li+2021
KIDS_200.6_3.5,KIDS J132326.60+033701.12,200.860853342,3.61697823021,20.5082,Li+2021
KIDS_182.5_3.5,KIDS J120913.95+031014.33,182.308129251,3.17064724898,19.9832,Li+2021
KIDS_166.0_-1.5,KIDS J110322.38-010726.73,165.843249878,-1.12409267352,20.5388,Li+2021
KIDS_170.5_-3.5,KIDS J112307.43-032628.80,170.780965725,-3.44133324298,19.3007,Li+2021
KIDS_166.0_-1.5,KIDS J110256.69-011831.10,165.736223456,-1.30863818213,19.4852,Li+2021
KIDS_192.5_-3.5,KIDS J124914.12-033404.02,192.308826131,-3.56778347808,18.814,Li+2021
KIDS_25.9_-32.1,KIDS J014403.02-321237.07,26.0125750328,-32.2102972087,19.7753,Li+2021
KIDS_20.2_-27.2,KIDS J012246.67-273322.09,20.6944385309,-27.5561348692,20.8031,Li+2021
KIDS_26.9_-27.2,KIDS J014603.78-264457.39,26.5157619934,-26.7492749734,19.7145,Li+2021
KIDS_168.5_-3.5,KIDS J111500.11-025804.30,168.750469462,-2.96786048779,19.2168,Li+2021
KIDS_219.6_-3.5,KIDS J143738.88-031635.12,219.411985244,-3.27642213797,19.7014,Li+2021
KIDS_203.0_-1.5,KIDS J133214.79-005719.17,203.061617732,-0.955326308607,19.8245,Li+2021
KIDS_194.5_-2.5,KIDS J125935.77-024708.16,194.899055371,-2.7855997987,20.4277,Li+2021
KIDS_179.5_3.5,KIDS J115735.71+034500.96,179.398771335,3.75026695957,19.0632,Li+2021
KIDS_222.6_3.5,KIDS J145209.65+034947.22,223.040226145,3.82978385194,20.6841,Li+2021
KIDS_171.5_3.5,KIDS J112440.94+030347.95,171.170571643,3.06331947873,17.9943,Li+2021
KIDS_192.5_3.5,KIDS J125148.11+034128.43,192.950458444,3.69123015035,18.9286,Li+2021
KIDS_187.5_3.5,KIDS J122932.16+033726.90,187.384017499,3.62414010462,20.4791,Li+2021
KIDS_349.9_-27.2,KIDS J232142.07-271318.88,350.425308012,-27.2219117998,19.6246,Li+2021
KIDS_17.0_-35.1,KIDS J010552.76-352030.92,16.4698360242,-35.3419227181,19.5707,Li+2021
