z0_real,z0_imag,z1_real,z1_imag,target_real,target_imag
0.7157914378410898,0.14332095789975,0.7903265400820085,-0.14106903920784997,-0.2535308122093177,0.0
0.6214947491707157,0.07369421620787343,0.8802478253057351,-0.06587654545655894,-0.8801474148667155,0.0
0.6035851261071568,-0.023482647133794922,0.8922581547779915,0.032204285255522325,-0.9819199977116491,0.0
0.6403233080734401,-0.09934220420853919,0.8510072940102136,0.10570757021396136,-0.7166406225806807,0.0
0.701130210310872,-0.1391371338180095,0.7879088573072203,0.14175896502711174,-0.2951771741628013,0.0
0.7639873890863719,-0.1462744900796314,0.7247354414911591,0.1450885764386005,0.13351532171305788,0.0
0.8171533400241144,-0.13019506968017872,0.6726371880966987,0.1258288232536977,0.4915710353102386,0.0
0.8562303251258117,-0.10039302138715225,0.6354306461852892,0.09372203135396608,0.7510491064519571,0.0
0.8810225339365753,-0.06430702924498224,0.6128621911298104,0.05620513805227994,0.9121461897828366,0.0
0.8933207815290646,-0.027037436255734904,0.6028363634055515,0.0182610708760559,0.9880814307191537,0.0
0.8955950027939352,0.00826665165947329,0.6026976197456941,-0.017115919613288844,0.9962891199663153,0.0
0.8903170137579677,0.0398802848855154,0.6098745163703361,-0.04835325510871341,0.9539238828824255,0.0
0.8796606055544212,0.0670357780467546,0.6221508814356873,-0.07481588357628909,0.8759181586226966,0.0
0.8654061282573833,0.0895676447158339,0.6377396216536332,-0.09644610125948243,0.7744065896030806,0.0
0.8489454684176029,0.10766364108178846,0.6552627241879326,-0.11351535093279927,0.6588109760252021,0.0
0.8313295799146977,0.12169942895340831,0.6736938310006593,-0.1264620559414786,0.5361972849546823,0.0
0.8133286265710155,0.13213355224252962,0.6922918656023206,-0.13579041909100367,0.41170599345782893,0.0
0.7954905232529634,0.13944367654281917,0.7105387494718483,-0.14201031268520217,0.28896307320719505,0.0
0.7781920578374049,0.14409002521807396,0.728086165949251,-0.14560386757053415,0.17043496399609104,0.0
0.7616810028455897,0.1464961919901866,0.7447123670561356,-0.14700886302653673,0.05771873767448354,0.0
0.7461095837708565,0.14704071700739055,0.7602882576552584,-0.14661233870258278,-0.04822869490866601,0.0
0.7315604473222587,0.14605508893698446,0.7747513539572783,-0.1447501680735619,-0.14691367302132524,0.0
0.7180664651470761,0.1438253908270928,0.788086115281309,-0.14170989686254554,-0.23817152234881733,0.0
0.7056256357199897,0.1405958438425097,0.8003092832838395,-0.13773517994917903,-0.32206599773905115,0.0
0.6942121724592114,0.13657318059227588,0.8114590780874598,-0.13303081611683365,-0.3988148177066568,0.0
0.6837846693432266,0.13193121568927918,0.8215873234854433,-0.1277678032389515,-0.46873510304378224,0.0
0.6742920518682203,0.12681525719515266,0.8307537731603238,-0.12208810094056437,-0.532203835323618,0.0
0.6656778642563029,0.12134617427116558,0.8390220768619902,-0.11610894965131215,-0.5896295529541469,0.0
0.6578833157899732,0.11562404074089945,0.8464569595937625,-0.109926691431458,-0.6414323940995244,0.0
0.6508494076840826,0.10973133577433214,0.8531222918470417,-0.10362009321859274,-0.6880302980466424,0.0
0.6445183830103066,0.10373571742810322,0.8590798097617879,-0.09725320284188002,-0.7298297199252975,0.0
0.6388346816265086,0.09769240259675553,0.8643883056180367,-0.09087778228201396,-0.7672196289808471,0.0
0.6337455359910082,0.09164619462506521,0.869103155516582,-0.08453536755492051,-0.8005678753226704,0.0
0.6292013089182439,0.08563320157743061,0.8732760859723481,-0.0782590042375936,-0.8302192471182218,0.0
0.6251556481360762,0.07968228657563868,0.8769551071967767,-0.07207470449120963,-0.8564947179274092,0.0
0.6215655128700512,0.07381628831930655,0.8801845602456231,-0.06600266696028602,-0.8796915166493583,0.0
0.6183911130058197,0.06805304587298314,0.8830052396125971,-0.06005829601780068,-0.9000837514628823,0.0
0.6155957904417906,0.0624062576145961,0.8854545635155474,-0.0542530519841304,-0.9179233926325701,0.0
0.6131458641086378,0.05688620021242726,0.8875667719993571,-0.04859515943636702,-0.9334414735203416,0.0
0.6110104540966648,0.0515003297963436,0.8893731387808692,-0.043090196665491146,-0.9468494094049646,0.0
0.6091612958664767,0.046253784183239215,0.8909021870190003,-0.03774158576955508,-0.9583403633846796,0.0
0.6075725522251145,0.04114980212077586,0.8921799023056578,-0.032550999781619044,-0.96809061042716,0.0
0.6062206283306477,0.03619007301084896,0.8932299384367435,-0.027518700587045912,-0.9762608665596902,0.0
0.6050839932200348,0.03137502843233473,0.8940738131581716,-0.02264381914004727,-0.9829975617705311,0.0
0.6041430100709432,0.026704084962549075,0.8947310922537333,-0.017924587595044932,-0.9884340435466026,0.0
0.6033797764833941,0.022175846258198625,0.8952195611718815,-0.013358531376737575,-0.9926917039424811,0.0
0.6027779754083946,0.017788271060882616,0.8955553839677928,-0.008942627879635304,-0.9958810272866752,0.0
0.6023227368885118,0.01353881270410367,0.8957532497327362,-0.004673437373807897,-0.9981025585492764,0.0
0.6020005104577357,0.00942453478684201,0.8958265069447565,-0.0005472107641747527,-0.9994477943664832,0.0
0.6017989478362329,0.0054422069155632,0.8957872863399636,0.003440021923907364,-1.0,0.0
0.6017067954208882,0.0015883837784160884,0.8956466129996542,0.007292379105087573,-0.9998349562938045,0.0
0.6017137959934332,-0.002140529717882098,0.8954145083952567,0.01101406854988387,-0.9990216411189267,0.0
0.6018105990285477,-0.005748224963487844,0.8951000831455291,0.014609339412434731,-0.9976228499732123,0.0
0.601988678972839,-0.009238445900412373,0.8947116212294377,0.01808244349881794,-0.9956957604047415,0.0
0.6022402608733632,-0.01261495341524641,0.8942566563716172,0.02143760421457371,-0.9932924448108617,0.0
0.6025582527549888,-0.01588149652776404,0.8937420412810275,0.024678991888279708,-0.9904603359712638,0.0
0.6029361841747765,-0.019041789250881954,0.8931740103814767,0.027810704383227157,-0.9872426494325638,0.0
0.6033681504152927,-0.022099492179265174,0.8925582366280259,0.030836752088692236,-0.9836787665952387,0.0
0.6038487618149868,-0.025058198016050855,0.891899882957953,0.03376104653201475,-0.9798045820763426,0.0
0.604373097770757,-0.027921420374608357,0.8912036488803321,0.03658739197767714,-0.9756528186438091,0.0
0.6049366649844223,-0.030692585299056906,0.8904738126653178,0.039319479483974455,-0.9712533127475462,0.0
0.605535359560227,-0.03337502503681279,0.8897142695534616,0.04196088297511736,-0.9666332734134225,0.0
0.6061654325942334,-0.03597197367157465,0.8889285663671951,0.044515056959571836,-0.9618175170215928,0.0
0.6068234589281879,-0.038486564288231016,0.888119932871128,0.04698533558648663,-0.9568286802619916,0.0
0.607506308770041,-0.04092182739415934,0.8872913101950725,0.04937493278315828,-0.9516874133477952,0.0
0.6082111219106943,-0.04328069036591306,0.8864453766036713,0.051686943259278105,-0.9464125553723154,0.0
0.6089352842917732,-0.04556597772773549,0.8855845708690727,0.05392434419955619,-0.941021293515657,0.0
0.6096764067023313,-0.047780412099833684,0.88471111347812,0.05608999749635866,-0.9355293076439439,0.0
0.6104323054035091,-0.049926615680852,0.8838270258828563,0.05818665239917862,-0.9299509016949585,0.0
0.6112009844993818,-0.05200711215129274,0.8829341479826104,0.060216948478867605,-0.9242991231088585,0.0
0.6119806198896903,-0.054024328903417726,0.8820341540073754,0.062183418822253464,-0.9185858714401288,0.0
0.6127695446559828,-0.055980599518980864,0.8811285669554305,0.0640884933876012,-0.9128219971760622,0.0
0.6135662357470169,-0.057878166429462745,0.8802187717230521,0.065934502463806,-0.9070173916869544,0.0
0.6143693018422373,-0.059719183704694326,0.8793060270505498,0.0677236801866196,-0.9011810691428174,0.0
0.6151774722838401,-0.06150571992519773,0.8783914763966091,0.06945816807393032,-0.8953212411499408,0.0
0.6159895869785087,-0.0632397611015199,0.8774761578418944,0.07114001854941031,-0.8894453847871502,0.0
0.6168045871794309,-0.06492321361051767,0.8765610131129533,0.07277119842994023,-0.8835603046555067,0.0
0.6176215070678084,-0.06655790712417269,0.875646895808538,0.07435359235731134,-0.8776721894955544,0.0
0.6184394660608176,-0.0681455975112302,0.8747345789024408,0.07588900615894548,-0.871786663872624,0.0
0.6192576617799668,-0.06968796969591953,0.8738247615897277,0.07737917012590513,-0.8659088353823612,0.0
0.620075363620094,-0.0711866404613231,0.8729180755367708,0.07882574219939342,-0.8600433377852105,0.0
0.6208919068649259,-0.07264316118774163,0.8720150905896389,0.08023031105937167,-0.8541943704393782,0.0
0.6217066873002359,-0.07405902051871342,0.8711163199901648,0.08159439911092292,-0.8483657343665819,0.0
0.6225191562802546,-0.0754356469492753,0.8702222251442814,0.08291946536563577,-0.8425608652531077,0.0
0.623328816207147,-0.0767744113326523,0.8693332199829681,0.08420690821662863,-0.8367828636600807,0.0
0.6241352163871281,-0.07807662930288779,0.8684496749523227,0.08545806810693024,-0.8310345226910908,0.0
0.624937949230171,-0.07934356361201621,0.8675719206658236,0.08667423009181499,-0.8253183533420104,0.0
0.6257366467633265,-0.08057642638127367,0.8667002512487441,0.08785662629640055,-0.8196366077369415,0.0
0.6265309774304308,-0.08177638126656986,0.8658349274018774,0.08900643827037391,-0.8139913004352372,0.0
0.627320643153473,-0.08294454553903398,0.8649761792092042,0.09012479924214901,-0.8083842279775162,0.0
0.628105376633152,-0.08408199208191551,0.8641242087118584,0.09121279627509288,-0.8028169868231394,0.0
0.6288849388681881,-0.08518975130549604,0.8632791922686865,0.09227147232870479,-0.7972909898176932,0.0
0.6296591168747995,-0.08626881298195371,0.8624412827218395,0.09330182822781101,-0.7918074813164259,0.0
0.6304277215894254,-0.0873201280023457,0.8616106113841542,0.09430482454295637,-0.7863675510782033,0.0
0.631190585939285,-0.08834461005803369,0.8607872898635666,0.09528138338524426,-0.7809721470342198,0.0
0.6319475630667326,-0.08934313724899282,0.8599714117384232,0.09623239011890913,-0.775622087026411,0.0
0.6326985246946102,-0.09031655362151932,0.8591630540963143,0.09715869499490379,-0.7703180696020372,0.0
0.6334433596209236,-0.0912656706378929,0.8583622789479286,0.09806111470875875,-0.7650606839432539,0.0
0.634181972332187,-0.09219126858056566,0.8575691345264067,0.09894043388592284,-0.7598504190035577,0.0
0.6349142817257113,-0.09309409789344074,0.856783656481749,0.09979740649773208,-0.7546876719166948,0.0
0.635640219931949,-0.09397488046278092,0.8560058689789936,0.1006327572110774,-0.7495727557378878,0.0
0.636359731228775,-0.09483431084024603,0.8552357857081191,0.10144718267475687,-0.744505906572095,0.0
0.6370727710402787,-0.09567305741050881,0.8544734108129378,0.10224135274540541,-0.7394872901392322,0.0
0.6377793050132714,-0.096491763505839,0.8537187397456141,0.10301591165579785,-0.7345170078220717,0.0
0.6384793081652937,-0.09729104846998057,0.8529717600528777,0.10377147912822068,-0.7295951022385946,0.0
0.6391727640984262,-0.09807150867357367,0.8522324520994766,0.10450865143550507,-0.7247215623770281,0.0
0.6398596642736862,-0.09883371848330219,0.8515007897339484,0.10522800241221146,-0.7198963283286026,0.0
0.6405400073412315,-0.09957823118686743,0.8507767409013549,0.10593008441835236,-0.7151192956500739,0.0
0.6412137985219808,-0.1003055798758138,0.8500602682072356,0.10661542925793972,-0.7103903193854219,0.0
0.641881049036632,-0.1010162782881521,0.8493513294366792,0.10728454905454159,-0.7057092177736655,0.0
0.6425417755783814,-0.10171082161264862,0.8486498780320871,0.10793793708593677,-0.7010757756675104,0.0
0.6431959998259551,-0.1023896872565715,0.8479558635329041,0.10857606857985941,-0.6964897476855213,0.0
0.6438437479938347,-0.10305333557860953,0.8472692319803259,0.10919940147273391,-0.6919508611186278,0.0
0.6444850504168153,-0.10370221058860368,0.84658992628974,0.10980837713321076,-0.6874588186101124,0.0
0.6451199411662609,-0.10433674061565953,0.8459178865934358,0.11040342105222743,-0.6830133006266395,0.0
0.6457484576956369,-0.1049573389461387,0.8452530505559105,0.11098494350123524,-0.6786139677364851,0.0
0.6463706405130881,-0.10556440443295788,0.8445953536639089,0.11155334016015395,-0.6742604627098343,0.0
0.6469865328790121,-0.1061583220775592,0.8439447294931652,0.1121089927165381,-0.6699524124548015,0.0
0.6475961805267372,-0.10673946358585083,0.8433011099536531,0.11265226943736673,-0.6656894298017623,0.0
0.648199631404562,-0.10730818789935684,0.8426644255150094,0.11318352571479744,-0.6614711151475817,0.0
0.6487969354375545,-0.10786484170275505,0.8420346054136612,0.11370310458715885,-0.6572970579703947,0.0
0.6493881443076257,-0.10840975990892594,0.8414115778430665,0.11421133723639199,-0.6531668382247893,0.0
0.6499733112505186,-0.10894326612258166,0.840795270128368,0.11470854346308948,-0.6490800276264294,0.0
0.6505524908684455,-0.10946567308349178,0.8401856088866533,0.11519503214022415,-0.645036190834492,0.0
0.6511257389572174,-0.10997728309027412,0.8395825201739281,0.1156711016466031,-0.6410348865396212,0.0
0.6516931123467866,-0.11047838840567017,0.8389859296198146,0.11613704028103045,-0.6370756684644864,0.0
0.6522546687542131,-0.11096927164418134,0.8383957625509157,0.11659312665811311,-0.6331580862835504,0.0
0.6528104666481368,-0.11145020614289779,0.8378119441037086,0.11703963008659507,-0.6292816864680645,0.0
0.6533605651239083,-0.1119214563163117,0.8372343993277649,0.11747681093106217,-0.6254460130619205,0.0
0.6539050237885964,-0.11238327799586788,0.8366630532800359,0.11790492095781509,-0.6216506083935038,0.0
0.6544439026551446,-0.11283591875496615,0.8360978311108811,0.11832420366566916,-0.6178950137283465,0.0
0.6549772620450094,-0.11327961822009702,0.8355386581424703,0.11873489460240017,-0.6141787698669878,0.0
0.6555051624986564,-0.11371460836875628,0.8349854599401375,0.11913722166751897,-0.6105014176921287,0.0
0.6560276646933441,-0.11414111381475382,0.834438162377224,0.11953140540202353,-0.6068624986688577,0.0
0.6565448293676582,-0.11455935208150139,0.8338966916939072,0.11991765926574378,-0.6032615553014476,0.0
0.6570567172523089,-0.11496953386383431,0.8333609745504711,0.12029618990286389,-0.5996981315499526,0.0
0.6575633890067303,-0.115371863278896,0.832830938075445,0.12066719739617662,-0.5961717732096045,0.0
0.658064905161062,-0.11576653810658788,0.832306509909,0.1210308755105973,-0.5926820282557808,0.0
0.658561326063119,-0.11615375002006204,0.8317876182419679,0.12138741192643727,-0.5892284471570989,0.0
0.6590527118299861,-0.11653368480671061,0.8312741918508163,0.12173698846291296,-0.5858105831590483,0.0
0.6595391223039011,-0.11690652258008526,0.830766160128892,0.12207978129234182,-0.5824279925403171,0.0
0.6600206170121125,-0.1172724379831565,0.830263453114219,0.12241596114545429,-0.5790802348438941,0.0
0.6604972551304216,-0.11763160038330411,0.8297660015141175,0.12274569350822992,-0.5757668730848242,0.0
0.6609690954501408,-0.11798417405941142,0.8292737367268918,0.12306913881064466,-0.5724874739363681,0.0
0.6614361963482169,-0.118330318381416,0.8287865908608116,0.12338645260769816,-0.5692416078961959,0.0
0.6618986157602869,-0.118670187982655,0.8283044967506031,0.1236977857530711,-0.5660288494341235,0.0
0.6623564111564524,-0.11900393292532448,0.8278273879716413,0.12400328456574533,-0.5628487771228009,0.0
0.6628096395195714,-0.11933169885935847,0.8273551988520271,0.12430309098990386,-0.5597009737526302,0.0
0.6632583573258816,-0.11965362717501835,0.8268878644827169,0.12459734274841126,-0.5565850264321246,0.0
0.6637026205277821,-0.11996985514946842,0.8264253207258597,0.12488617349016189,-0.5535005266748448,0.0
0.6641424845386145,-0.12028051608760165,0.8259675042214882,0.1251697129315672,-0.5504470704739205,0.0
0.6645780042192926,-0.1205857394573663,0.8255143523926934,0.12544808699244284,-0.5474242583651275,0.0
0.6650092338666429,-0.12088565101983194,0.8250658034494115,0.12572141792654126,-0.5444316954794367,0.0
0.6654362272033276,-0.1211803729542232,0.8246217963909338,0.12598982444696583,-0.5414689915858216,0.0
0.6658590373692288,-0.12147002397813722,0.8241822710072494,0.12625342184668914,-0.5385357611251356,0.0
0.6662777169141848,-0.12175471946315262,0.823747167879316,0.12651232211438954,-0.5356316232357395,0.0
0.6666923177919727,-0.12203457154602582,0.8233164283783538,0.126766634045808,-0.5327562017715662,0.0
0.6671028913554431,-0.12230968923566354,0.8228899946642434,0.1270164633508193,-0.5299091253132252,0.0
0.6675094883527162,-0.12258017851604987,0.8224678096831094,0.1272619127564007,-0.5270900271727162,0.0
0.6679121589243562,-0.12284614244529922,0.8220498171641606,0.12750308210567515,-0.5242985453922974,0.0
0.6683109526014477,-0.1231076812509975,0.8216359616158546,0.12774006845319452,-0.5215343227379792,0.0
0.6687059183045009,-0.12336489242198759,0.8212261883214493,0.1279729661566238,-0.518797006688117,0.0
0.6690971043431191,-0.12361787079674663,0.8208204433339994,0.12820186696497718,-0.5160862494175256,0.0
0.6694845584163676,-0.12386670864849747,0.8204186734708501,0.12842686010355212,-0.5134017077774912,0.0
0.6698683276137835,-0.12411149576718829,0.8200208263076798,0.1286480323556985,-0.5107430432720746,0.0
0.6702484584169752,-0.12435231953847056,0.8196268501721353,0.12886546814155564,-0.5081099220310208,0.0
0.6706249967017609,-0.12458926501979722,0.8192366941371041,0.12907924959388306,-0.5055020147796006,0.0
0.6709979877407986,-0.12482241501375964,0.8188503080136608,0.12928945663110453,-0.5029189968056703,0.0
0.6713674762066655,-0.12505185013877484,0.8184676423437258,0.12949616702768074,-0.5003605479242287,0.0
0.6717335061753467,-0.1252776488972311,0.8180886483924701,0.12969945648191952,-0.4978263524397111,0.0
0.672096121130095,-0.12549988774119322,0.8177132781404948,0.12989939868132894,-0.4953160991062641,0.0
0.6724553639656283,-0.12571864113576695,0.8173414842758161,0.1300960653656121,-0.49282948108619956,0.0
0.6728112769926314,-0.12593398162021477,0.8169732201856831,0.13028952638740013,-0.4903661959068563,0.0
0.673163901942533,-0.12614597986691337,0.8166084399482492,0.13047984977081342,-0.4879259454160155,0.0
0.6735132799725285,-0.1263547047382379,0.8162470983241239,0.13066710176793914,-0.4855084357360801,0.0
0.6738594516708274,-0.12656022334145564,0.8158891507478229,0.13085134691330783,-0.483113377217148,0.0
0.674202457062094,-0.12676260108170606,0.8155345533191368,0.13103264807644835,-0.4807404843891427,0.0
0.6745423356130668,-0.12696190171314334,0.8151832627944362,0.13121106651259806,-0.4783894759131225,0.0
0.6748791262383299,-0.12715818738831233,0.814835236577928,0.13138666191164017,-0.47606007453190846,0.0
0.6752128673062224,-0.12735151870582712,0.8144904327128807,0.13155949244533843,-0.4737520070201382,0.0
0.6755435966448636,-0.12754195475641666,0.8141488098728283,0.13172961481293544,-0.4714650041338487,0.0
0.675871351548281,-0.12772955316740192,0.81381032735277,0.13189708428517827,-0.46919880055969876,0.0
0.6761961687826237,-0.12791437014566326,0.813474945060373,0.13206195474683266,-0.46695313486391,0.0
0.6765180845924489,-0.12809646051915644,0.8131426235071914,0.13222427873774367,-0.4647277494410165,0.0
0.6768371347070675,-0.12827587777703223,0.8128133237999107,0.1323841074924991,-0.4625223904624964,0.0
0.6771533543469365,-0.12845267410841263,0.8124870076316255,0.13254149097874887,-0.460336807825361,0.0
0.6774667782300883,-0.12862690043987382,0.8121636372731594,0.13269647793423175,-0.45817075510075694,0.0
0.6777774405785852,-0.128798606471685,0.811843175564434,0.1328491159025583,-0.456023989482656,0.0
0.678085375124992,-0.1289678407128496,0.8115255859058936,0.13299945126779725,-0.45389627173667013,0.0
0.6783906151188543,-0.12913465051499276,0.8112108322499919,0.13314752928791035,-0.45178736614905585,0.0
0.6786931933331787,-0.12929908210513866,0.8108988790927455,0.1332933941270786,-0.449697040475941,0.0
0.6789931420709041,-0.12946118061741835,0.8105896914653596,0.13343708888696154,-0.44762506589282847,0.0
0.6792904931713601,-0.1296209901237474,0.8102832349259299,0.13357865563692894,-0.4455712169444004,0.0
0.679585278016704,-0.12977855366351093,0.8099794755512253,0.13371813544330338,-0.4435352714946772,0.0
0.679877527538332,-0.12993391327229284,0.8096783799285532,0.13385556839764964,-0.44151701067753113,0.0
0.6801672722232593,-0.13008711000968293,0.809379915147713,0.1339909936441463,-0.4395162188476199,0.0
0.6804545421204651,-0.1302381839861965,0.8090840487930379,0.134124449406073,-0.4375326835317333,0.0
0.6807393668471947,-0.1303871743893372,0.8087907489355294,0.13425597301144523,-0.43556619538060276,0.0
0.681021775595221,-0.13053411950883492,0.808499984125085,0.1343856009178284,-0.43361654812116385,0.0
0.6813017971370557,-0.1306790567610874,0.8082117233828224,0.1345133687363596,-0.43168353850932184,0.0
0.6815794598321103,-0.13082202271283427,0.8079259361935003,0.13463931125500678,-0.42976696628321104,0.0
0.6818547916328035,-0.13096305310409076,0.8076425924980374,0.13476346246109175,-0.4278666341169776,0.0
0.6821278200906122,-0.131102182870367,0.8073616626861317,0.13488585556310384,-0.42598234757508996,0.0
0.6823985723620637,-0.13123944616419847,0.8070831175889791,0.13500652301182905,-0.4241139150671895,0.0
0.6826670752146664,-0.13137487637601086,0.8068069284720937,0.13512549652081898,-0.42226114780349344,0.0
0.6829333550327795,-0.13150850615434367,0.8065330670282281,0.1352428070862233,-0.42042385975075025,0.0
0.6831974378234165,-0.13164036742545393,0.8062615053703971,0.1353584850060071,-0.4186018675887677,0.0
0.6834593492219845,-0.13177049141232194,0.8059922160250013,0.1354725598985757,-0.4167949906675018,0.0
0.683719114497956,-0.13189890865307963,0.8057251719250529,0.1355850607208267,-0.415003050964719,0.0
0.6839767585604728,-0.13202564901888084,0.805460346403504,0.13569601578564983,-0.4132258730442448,0.0
0.6842323059638814,-0.13215074173123378,0.8051977131866738,0.13580545277889308,-0.41146328401477533,0.0
0.6844857809131981,-0.13227421537881243,0.8049372463877793,0.13591339877581388,-0.40971511348928075,0.0
0.6847372072695052,-0.1323960979337658,0.8046789205005647,0.13601988025703268,-0.40798119354498585,0.0
0.6849866085552752,-0.13251641676754164,0.8044227103930304,0.13612492312400648,-0.40626135868392493,0.0
0.6852340079596247,-0.13263519866624054,0.8041685913012622,0.1362285527140376,-0.4045554457940788,0.0
0.6854794283434983,-0.13275246984551695,0.8039165388233586,0.13633079381483462,-0.40286329411109356,0.0
0.6857228922447782,-0.13286825596504126,0.8036665289134555,0.13643167067863973,-0.401184745180566,0.0
0.6859644218833256,-0.13298258214253875,0.8034185378758474,0.13653120703593757,-0.39951964282090463,0.0
0.6862040391659491,-0.13309547296741825,0.8031725423592055,0.13662942610875914,-0.39786783308676077,0.0
0.6864417656913016,-0.1332069525140048,0.8029285193508904,0.1367263506235947,-0.39622916423302423,0.0
0.6866776227547076,-0.13331704435438926,0.8026864461713578,0.1368220028239285,-0.3946034866793807,0.0
0.6869116313529186,-0.13342577157090696,0.8024463004686587,0.13691640448240763,-0.3929906529754208,0.0
0.6871438121887986,-0.13353315676825814,0.8022080602130314,0.1370095769126574,-0.3913905177663109,0.0
0.6873741856759392,-0.1336392220852812,0.8019717036915821,0.1371015409807546,-0.38980293775900454,0.0
0.6876027719432057,-0.13374398920639072,0.801737209503059,0.13719231711637012,-0.3882277716889949,0.0
0.6878295908392132,-0.13384747937269015,0.8015045565527116,0.13728192532359118,-0.38666488028761004,0.0
0.6880546619367351,-0.13394971339277068,0.8012737240472392,0.1373703851914344,-0.385114126249832,0.0
0.6882780045370427,-0.13405071165320523,0.8010446914898254,0.13745771590405867,-0.3835753742026459,0.0
0.6884996376741775,-0.1341504941287484,0.8008174386752579,0.1375439362506884,-0.38204849067390806,0.0
0.6887195801191579,-0.1342490803922509,0.8005919456851314,0.1376290646352561,-0.3805333440617193,0.0
0.6889378503841173,-0.13434648962429763,0.8003681928831341,0.13771311908577297,-0.37902980460431707,0.0
0.6891544667263788,-0.1344427406225787,0.8001461609104153,0.13779611726343696,-0.37753774435045495,0.0
0.6893694471524645,-0.13453785181100092,0.7999258306810342,0.13787807647148542,-0.37605703713029,0.0
0.6895828094220404,-0.13463184124854877,0.7997071833774857,0.13795901366380184,-0.37458755852673997,0.0
0.6897945710517979,-0.13472472663790186,0.7994902004463065,0.13803894545328327,-0.3731291858473383,0.0
0.6900047493192732,-0.134816525333817,0.7992748635937568,0.1381178881199764,-0.37168179809654855,0.0
0.6902133612666047,-0.1349072543512819,0.7990611547815772,0.13819585761898992,-0.37024527594856005,0.0
0.690420423704229,-0.13499693037344784,0.798849056222821,0.13827286958818907,-0.36881950172052835,0.0
0.6906259532145168,-0.13508556975934757,0.7986385503777581,0.13834893935568035,-0.3674043593462822,0.0
0.6908299661553498,-0.13517318855140573,0.7984296199498521,0.13842408194709208,-0.36599973435047317,0.0
0.691032478663638,-0.13525980248274738,0.7982222478818077,0.13849831209265742,-0.3646055138231589,0.0
0.6912335066587799,-0.13534542698431132,0.7980164173516877,0.1385716442341058,-0.3632215863948382,0.0
0.6914330658460653,-0.13543007719177416,0.7978121117690984,0.13864409253136878,-0.3618478422118872,0.0
0.6916311717200214,-0.13551376795229006,0.7976093147714418,0.13871567086910563,-0.360484172912442,0.0
0.6918278395677047,-0.13559651383105287,0.7974080102202354,0.13878639286305477,-0.3591304716026718,0.0
0.6920230844719362,-0.13567832911768501,0.797208182197495,0.13885627186621563,-0.35778663283347867,0.0
0.6922169213144853,-0.13575922783245886,0.7970098150021828,0.13892532097486637,-0.3564525525775835,0.0
0.6924093647791985,-0.1358392237323551,0.796812893146718,0.13899355303442262,-0.35512812820701234,0.0
0.6926004293550766,-0.13591833031696354,0.7966174013535484,0.13906098064514147,-0.35381325847097117,0.0
0.6927901293393008,-0.13599656083423056,0.796423324551784,0.13912761616767574,-0.3525078434740973,0.0
0.6929784788402078,-0.13607392828605766,0.7962306478738884,0.13919347172848306,-0.35121178465509195,0.0
0.693165491780215,-0.1361504454337561,0.7960393566524301,0.13925855922509336,-0.3499249847657126,0.0
0.6933511818986967,-0.13622612480336077,0.7958494364168903,0.13932289033124018,-0.34864734785013585,0.0
0.6935355627548122,-0.13630097869080873,0.7956608728905282,0.1393864765018582,-0.3473787792246733,0.0
0.693718647730286,-0.13637501916698513,0.7954736519873005,0.13944932897795279,-0.3461191854578379,0.0
0.6939004500321414,-0.13644825808264094,0.7952877598088356,0.13951145879134338,-0.34486847435075235,0.0
0.6940809826953882,-0.13652070707318634,0.7951031826414625,0.139572876769286,-0.3436265549178991,0.0
0.6942602585856651,-0.13659237756336295,0.7949199069532904,0.13963359353897736,-0.34239333736820315,0.0
0.6944382904018376,-0.13666328077179857,0.7947379193913405,0.1396936195319445,-0.34116873308643225,0.0
0.694615090678552,-0.13673342771544758,0.7945572067787292,0.13975296498832293,-0.339952654614935,0.0
0.6947906717887464,-0.1368028292139208,0.7943777561118995,0.13981163996102694,-0.33874501563567744,0.0
0.6949650459461197,-0.13687149589370715,0.7941995545579024,0.13986965431981452,-0.3375457309526017,0.0
0.6951382252075585,-0.13693943819229085,0.7940225894517251,0.13992701775525063,-0.3363547164742789,0.0
0.6953102214755235,-0.13700666636216668,0.7938468482936677,0.13998373978257095,-0.335171889196869,0.0
0.6954810465003951,-0.13707319047475655,0.7936723187467637,0.1400398297454497,-0.3339971671873731,0.0
0.6956507118827804,-0.1371390204242295,0.7934989886342482,0.14009529681967353,-0.3328304695671662,0.0
0.6958192290757805,-0.13720416593122867,0.793326845937069,0.14015015001672462,-0.33167171649582683,0.0
0.6959866093872202,-0.13726863654650695,0.7931558787914419,0.14020439818727526,-0.33052082915523096,0.0
0.6961528639818394,-0.13733244165447467,0.7929860754864482,0.14025805002459674,-0.3293777297339298,0.0
0.6963180038834486,-0.13739559047666114,0.7928174244616752,0.1403111140678843,-0.328242341411791,0.0
0.6964820399770472,-0.1374580920750925,0.7926499143048972,0.14036359870550114,-0.3271145883449042,0.0
0.6966449830109072,-0.1375199553555886,0.7924835337497969,0.1404155121781434,-0.32599439565074295,0.0
0.696806843598621,-0.13758118907098071,0.792318271673727,0.14046686258192834,-0.324881689393588,0.0
0.6969676322211151,-0.13764180182425212,0.7921541170955106,0.14051765787140774,-0.32377639657019097,0.0
0.6971273592286302,-0.13770180207160423,0.7919910591732794,0.14056790586250867,-0.32267844509568966,0.0
0.6972860348426678,-0.13776119812544962,0.7918290872023501,0.1406176142354039,-0.3215877637897619,0.0
0.6974436691579046,-0.13781999815733453,0.7916681906131372,0.1406667905373131,-0.32050428236301254,0.0
0.6976002721440742,-0.13787821020079213,0.791508358969102,0.1407154421852376,-0.3194279314035989,0.0
0.6977558536478182,-0.13793584215412885,0.7913495819647375,0.14076357646862975,-0.3183586423640793,0.0
0.6979104233945057,-0.13799290178314555,0.7911918494235871,0.14081120055199936,-0.31729634754848535,0.0
0.6980639909900224,-0.13804939672379493,0.7910351512962988,0.14085832147745814,-0.3162409800996124,0.0
0.6982165659225302,-0.1381053344847772,0.7908794776587118,0.14090494616720445,-0.3151924739865342,0.0
0.6983681575641978,-0.1381607224500754,0.7907248187099767,0.1409510814259497,-0.314150763992317,0.0
0.6985187751729013,-0.1382155678814324,0.7905711647707074,0.14099673394328774,-0.31311578570194915,0.0
0.6986684278938976,-0.1382698779207703,0.7904185062811653,0.14104191029600935,-0.3120874754904721,0.0
0.6988171247614702,-0.13832365959255463,0.7902668337994742,0.14108661695036234,-0.3110657705113142,0.0
0.6989648747005461,-0.13837691980610425,0.7901161379998656,0.14113086026425992,-0.31005060868481615,0.0
0.6991116865282884,-0.13842966535784862,0.7899664096709544,0.1411746464894375,-0.3090419286869544,0.0
0.6992575689556596,-0.13848190293353346,0.7898176397140438,0.14121798177356,-0.3080396699382522,0.0
0.699402530588962,-0.13853363911037658,0.7896698191414586,0.14126087216228086,-0.30704377259287463,0.0
0.6995465799313505,-0.13858488035917496,0.7895229390749074,0.14130332360125383,-0.306054177527913,0.0
0.6996897253843213,-0.1386356330463641,0.7893769907438724,0.14134534193809875,-0.3050708263328371,0.0
0.6998319752491763,-0.13868590343603138,0.789231965484026,0.14138693292432278,-0.3040936612991378,0.0
0.6999733377284633,-0.13873569769188418,0.7890878547356752,0.14142810221719804,-0.3031226254101269,0.0
0.7001138209273916,-0.13878502187917396,0.788944650042231,0.1414688553815967,-0.3021576623309232,0.0
0.7002534328552263,-0.13883388196657773,0.7888023430487046,0.14150919789178482,-0.30119871639859075,0.0
0.7003921814266579,-0.1388822838280375,0.7886609255002278,0.1415491351331758,-0.30024573261245074,0.0
0.7005300744631506,-0.13893023324455928,0.7885203892405999,0.1415886724040446,-0.2992986566245468,0.0
0.7006671196942684,-0.13897773590597218,0.7883807262108569,0.14162781491720386,-0.2983574347302728,0.0
0.7008033247589791,-0.13902479741264906,0.7882419284478661,0.14166656780164227,-0.29742201385915606,0.0
0.7009386972069376,-0.1390714232771893,0.788103988082944,0.1417049361041271,-0.29649234156578747,0.0
0.7010732444997485,-0.13911761892606478,0.7879668973404963,0.14174292479077086,-0.2955683660209029,0.0
0.7012069740122074,-0.13916338970123018,0.7878306485366817,0.14178053874856367,-0.29465003600261863,0.0
0.7013398930335231,-0.13920874086169804,0.787695234078097,0.14181778278687188,-0.2937373008877975,0.0
0.7014720087685188,-0.13925367758508012,0.7875606464604846,0.14185466163890376,-0.2928301106435666,0.0
0.7016033283388156,-0.13929820496909484,0.7874268782674607,0.14189117996314307,-0.29192841581896944,0.0
0.701733858783995,-0.13934232803304314,0.7872939221692655,0.14192734234475177,-0.2910321675367575,0.0
0.7018636070627441,-0.13938605171925184,0.7871617709215329,0.14196315329694179,-0.2901413174853073,0.0
0.7019925800539821,-0.13942938089448656,0.7870304173640811,0.14199861726231744,-0.2892558179106817,0.0
0.7021207845579682,-0.13947232035133458,0.786899854419723,0.14203373861418864,-0.2883756216088109,0.0
0.7022482272973921,-0.1395148748095581,0.7867700750930958,0.14206852165785583,-0.28750068191780026,0.0
0.7023749149184471,-0.13955704891741863,0.7866410724695103,0.1421029706318676,-0.2866309527103702,0.0
0.7025008539918862,-0.13959884725297395,0.7865128397138181,0.14213708970925104,-0.285766388386408,0.0
0.7026260510140612,-0.1396402743253472,0.7863853700692982,0.14217088299871605,-0.2849069438656464,0.0
0.702750512407945,-0.13968133457596948,0.786258656856561,0.1422043545458339,-0.2840525745804584,0.0
0.7028742445241378,-0.13972203237979663,0.7861326934724706,0.14223750833419094,-0.2832032364687705,0.0
0.7029972536418585,-0.13976237204650013,0.786007473389084,0.1422703482865177,-0.2823588859670783,0.0
0.7031195459699178,-0.13980235782163375,0.7858829901526084,0.14230287826579444,-0.28151948000359356,0.0
0.7032411276476789,-0.13984199388777552,0.7857592373823737,0.14233510207633315,-0.2806849759914803,0.0
0.7033620047460006,-0.13988128436564623,0.7856362087698238,0.1423670234648371,-0.2798553318222148,0.0
0.7034821832681676,-0.1399202333152049,0.7855138980775215,0.1423986461214381,-0.27903050585903766,0.0
0.7036016691508045,-0.1399588447367217,0.7853922991381718,0.14242997368071225,-0.2782104569305202,0.0
0.7037204682647759,-0.1399971225718286,0.7852714058536594,0.1424610097226744,-0.27739514432423185,0.0
0.7038385864160737,-0.14003507070454882,0.7851512121941017,0.14249175777375214,-0.2765845277804992,0.0
0.7039560293466883,-0.14007269296230518,0.7850317121969174,0.14252222130773967,-0.2757785674862751,0.0
0.7040728027354685,-0.1401099931169078,0.7849128999659095,0.1425524037467319,-0.27497722406909375,0.0
0.7041889121989656,-0.14014697488552197,0.7847947696703634,0.1425823084620394,-0.2741804585911323,0.0
0.7043043632922672,-0.14018364193161625,0.7846773155441581,0.14261193877508468,-0.27338823254334954,0.0
0.7044191615098151,-0.14021999786589154,0.7845605318848932,0.14264129795828,-0.2726005078397387,0.0
0.7045333122862129,-0.1402560462471915,0.784444413053028,0.14267038923588743,-0.27181724681164876,0.0
0.7046468209970197,-0.1402917905833946,0.7843289534710356,0.14269921578486136,-0.2710384122022064,0.0
0.7047596929595322,-0.14032723433228836,0.7842141476225689,0.14272778073567394,-0.2702639671608216,0.0
0.7048719334335548,-0.1403623809024262,0.784099990051641,0.14275608717312388,-0.26949387523777846,0.0
0.7049835476221573,-0.14039723365396717,0.7839864753618174,0.14278413813712887,-0.2687281003789126,0.0
0.7050945406724213,-0.14043179589949914,0.7838735982154216,0.14281193662350228,-0.26796660692036406,0.0
0.7052049176761753,-0.14046607090484556,0.7837613533327525,0.1428394855847139,-0.26720935958342623,0.0
0.7053146836707188,-0.14050006188985642,0.7836497354913146,0.14286678793063604,-0.2664563234694486,0.0
0.7054238436395345,-0.1405337720291836,0.7835387395250588,0.14289384652927414,-0.26570746405484785,0.0
0.7055324025129901,-0.14056720445304105,0.7834283603236376,0.14292066420748342,-0.26496274718617446,0.0
0.70564036516903,-0.14060036224794997,0.7833185928316685,0.14294724375167087,-0.26422213907526376,0.0
0.7057477364338554,-0.14063324845746975,0.7832094320480115,0.14297358790848377,-0.26348560629445894,0.0
0.705854521082595,-0.14066586608291431,0.7831008730250564,0.1429996993854843,-0.2627531157719064,0.0
0.7059607238399658,-0.14069821808405483,0.7829929108680211,0.143025580851811,-0.26202463478692695,0.0
0.7060663493809218,-0.14073030737980877,0.7828855407342613,0.14305123493882752,-0.2613001309654483,0.0
0.7061714023312965,-0.1407621368489156,0.7827787578325899,0.14307666424075816,-0.26057957227552175,0.0
0.7062758872684322,-0.1407937093305996,0.7826725574226078,0.14310187131531152,-0.25986292702289016,0.0
0.706379808721802,-0.1408250276252197,0.7825669348140438,0.1431268586842918,-0.2591501638466349,0.0
0.706483171173622,-0.14085609449490738,0.7824618853661058,0.1431516288341982,-0.2584412517148862,0.0
0.7065859790594546,-0.1408869126641918,0.7823574044868405,0.14317618421681286,-0.2577361599205894,0.0
0.7066882367688015,-0.14091748482061342,0.7822534876325038,0.14320052724977728,-0.2570348580773499,0.0
0.7067899486456897,-0.1409478136153259,0.7821501303069404,0.14322466031715794,-0.2563373161153272,0.0
0.7068911189892473,-0.14097790166368654,0.7820473280609728,0.1432485857700008,-0.25564350427720006,0.0
0.7069917520542722,-0.14100775154583556,0.7819450764917991,0.14327230592687523,-0.25495339311418214,0.0
0.7070918520517908,-0.14103736580726464,0.7818433712424009,0.14329582307440772,-0.25426695348210676,0.0
0.7071914231496098,-0.14106674695937452,0.7817422080009587,0.14331913946780528,-0.2535841565375662,0.0
0.7072904694728587,-0.14109589748002235,0.781641582500277,0.14334225733136893,-0.25290497373410276,0.0
0.7073889951045257,-0.1411248198140588,0.7815414905172181,0.14336517885899747,-0.25222937681846674,0.0
0.7074870040859844,-0.14115351637385512,0.7814419278721433,0.14338790621468184,-0.25155733782692385,0.0
0.7075845004175134,-0.14118198953982028,0.7813428904283635,0.14341044153298999,-0.2508888290816136,0.0
0.7076814880588085,-0.1412102416609089,0.7812443740915974,0.14343278691954278,-0.2502238231869717,0.0
0.7077779709294868,-0.1412382750551193,0.7811463748094383,0.14345494445148094,-0.24956229302619246,0.0
0.7078739529095843,-0.14126609200998272,0.7810488885708277,0.14347691617792316,-0.24890421175775573,0.0
0.7079694378400453,-0.14129369478304352,0.7809519114055374,0.1434987041204159,-0.24824955281199387,0.0
0.7080644295232054,-0.1413210856023304,0.78085543938366,0.14352031027337467,-0.24759828988771598,0.0
0.7081589317232675,-0.14134826666681907,0.7807594686151047,0.14354173660451708,-0.24695039694887705,0.0
0.7082529481667704,-0.14137524014688652,0.7806639952491029,0.14356298505528803,-0.24630584822130092,0.0
0.708346482543051,-0.14140200818475712,0.7805690154737196,0.14358405754127695,-0.24566461818944568,0.0
0.7084395385046998,-0.14142857289494037,0.7804745255153719,0.1436049559526274,-0.24502668159321586,0.0
0.7085321196680102,-0.14145493636466083,0.7803805216383557,0.1436256821544391,-0.24439201342482406,0.0
0.7086242296134208,-0.1414811006542806,0.7802870001443778,0.14364623798716278,-0.2437605889256982,0.0
0.7087158718859509,-0.1415070677977135,0.7801939573720958,0.14366662526698748,-0.2431323835834324,0.0
0.7088070499956318,-0.14153283980283254,0.7801013896966645,0.1436868457862212,-0.24250737312877443,0.0
0.7088977674179295,-0.1415584186518697,0.7800092935292883,0.1437069013136643,-0.24188553353267225,0.0
0.7089880275941632,-0.14158380630180845,0.7799176653167805,0.1437267935949763,-0.2412668410033457,0.0
0.7090778339319168,-0.14160900468476975,0.7798265015411295,0.1437465243530361,-0.24065127198341218,0.0
0.7091671898054447,-0.14163401570839068,0.77973579871907,0.1437660952882954,-0.2400388031470495,0.0
0.7092560985560727,-0.1416588412561966,0.7796455534016609,0.14378550807912624,-0.2394294113971968,0.0
0.7093445634925923,-0.14168348318796675,0.77955576217387,0.14380476438216191,-0.2388230738627979,0.0
0.7094325878916499,-0.1417079433400933,0.7794664216541636,0.14382386583263185,-0.23821976789608273,0.0
0.7095201749981299,-0.14173222352593404,0.7793775284941017,0.14384281404469074,-0.23761947106988826,0.0
0.7096073280255337,-0.14175632553615913,0.7792890793779408,0.14386161061174152,-0.23702216117501812,0.0
0.7096940501563523,-0.14178025113909146,0.7792010710222397,0.14388025710675276,-0.23642781621763273,0.0
0.7097803445424339,-0.14180400208104119,0.7791135001754736,0.14389875508257044,-0.23583641441668973,0.0
0.7098662143053464,-0.14182758008663454,0.7790263636176512,0.1439171060722241,-0.23524793420140078,0.0
0.7099516625367351,-0.1418509868591368,0.778939658159939,0.14393531158922782,-0.2346623542087481,0.0
0.7100366922986757,-0.14187422408076966,0.7788533806442901,0.14395337312787554,-0.23407965328101385,0.0
0.7101213066240211,-0.14189729341302312,0.7787675279430779,0.1439712921635316,-0.23349981046335153,0.0
0.7102055085167448,-0.14192019649696214,0.778682096958736,0.14398907015291595,-0.2329228050014038,0.0
0.7102893009522792,-0.14194293495352767,0.778597084623402,0.14400670853438438,-0.23234861633893053,0.0
0.7103726868778485,-0.14196551038383298,0.7785124878985671,0.14402420872820398,-0.23177722411548554,0.0
0.7104556692127981,-0.14198792436945445,0.7784283037747299,0.14404157213682373,-0.23120860816412678,0.0
0.7105382508489189,-0.14201017847271777,0.7783445292710556,0.14405880014514041,-0.23064274850914243,0.0
0.7106204346507667,-0.14203227423697884,0.7782611614350398,0.14407589412076002,-0.2300796253638293,0.0
0.7107022234559786,-0.14205421318690045,0.7781781973421764,0.14409285541425448,-0.22951921912828396,0.0
0.7107836200755834,-0.1420759968287238,0.7780956340956311,0.14410968535941404,-0.22896151038723397,0.0
0.7108646272943093,-0.14209762665053552,0.7780134688259182,0.14412638527349542,-0.228406479907898,0.0
0.7109452478708863,-0.14211910412253037,0.7779316986905831,0.14414295645746555,-0.2278541086378725,0.0
0.7110254845383448,-0.14214043069726934,0.7778503208738883,0.14415940019624127,-0.227304377703048,0.0
0.7111053400043108,-0.14216160780993342,0.7777693325865035,0.1441757177589248,-0.2267572684055519,0.0
0.7111848169512962,-0.14218263687857322,0.7776887310652013,0.14419191039903534,-0.22621276222172715,0.0
0.7112639180369856,-0.14220351930435435,0.7776085135725553,0.1442079793547368,-0.22567084080012903,0.0
0.7113426458945191,-0.14222425647179865,0.7775286773966438,0.14422392584906144,-0.22513148595955113,0.0
0.7114210031327719,-0.1422448497490215,0.777449219850756,0.1442397510901298,-0.22459467968708627,0.0
0.7114989923366288,-0.14226530048796518,0.7773701382731043,0.14425545627136716,-0.22406040413619846,0.0
0.711576616067257,-0.1422856100246283,0.7772914300265381,0.14427104257171608,-0.22352864162483554,0.0
0.7116538768623728,-0.14230577967929142,0.7772130924982634,0.14428651115584554,-0.222999374633558,0.0
0.7117307772365074,-0.1423258107567392,0.777135123099565,0.1443018631743564,-0.22247258580369747,0.0
0.7118073196812666,-0.14234570454647844,0.777057519265533,0.14431709976398374,-0.22194825793553877,0.0
0.7118835066655899,-0.14236546232295302,0.7769802784547929,0.1443322220477955,-0.22142637398652118,0.0
0.7119593406360022,-0.14238508534575495,0.7769033981492391,0.14434723113538797,-0.22090691706947724,0.0
0.7120348240168671,-0.1424045748598322,0.7768268758537722,0.14436212812307816,-0.2203898704508745,0.0
0.7121099592106325,-0.14242393209569312,0.7767507090960397,0.14437691409409265,-0.2198752175491033,0.0
0.7121847485980752,-0.14244315826960738,0.7766748954261801,0.14439159011875372,-0.2193629419327675,0.0
0.7122591945385424,-0.14246225458380377,0.7765994324165704,0.14440615725466213,-0.21885302731901282,0.0
0.7123332993701884,-0.1424812222266649,0.7765243176615776,0.1444206165468771,-0.21834545757186435,0.0
0.7124070654102103,-0.14250006237291846,0.776449548777312,0.14443496902809302,-0.21784021670059825,0.0
0.7124804949550789,-0.14251877618382575,0.7763751234013855,0.14444921571881375,-0.2173372888581283,0.0
0.7125535902807676,-0.14253736480736692,0.7763010391926718,0.14446335762752363,-0.21683665833940957,0.0
0.7126263536429777,-0.14255582937842334,0.7762272938310705,0.14447739575085602,-0.21633830957987424,0.0
0.7126987872773611,-0.14257417101895709,0.7761538850172737,0.1444913310737588,-0.21584222715387488,0.0
0.7127708933997403,-0.14259239083818745,0.7760808104725363,0.14450516456965756,-0.2153483957731633,0.0
0.7128426742063252,-0.1426104899327647,0.7760080679384489,0.1445188972006158,-0.21485680028536971,0.0
0.7129141318739268,-0.14262846938694126,0.7759356551767138,0.14453252991749282,-0.21436742567252287,0.0
0.7129852685601692,-0.14264633027273974,0.7758635699689238,0.14454606366009884,-0.21388025704957242,0.0
0.7130560864036978,-0.14266407365011874,0.7757918101163439,0.14455949935734777,-0.21339527966293806,0.0
0.7131265875243852,-0.14268170056713586,0.7757203734396962,0.1445728379274076,-0.21291247888907947,0.0
0.7131967740235348,-0.14269921206010802,0.775649257778947,0.14458608027784808,-0.21243184023307674,0.0
0.7132666479840811,-0.14271660915376966,0.775578460993097,0.14459922730578642,-0.21195334932723897,0.0
0.7133362114707883,-0.14273389286142782,0.7755079809599742,0.14461227989803047,-0.211476991929722,0.0
0.7134054665304453,-0.14275106418511552,0.7754378155760296,0.14462523893121962,-0.2110027539231702,0.0
0.7134744151920596,-0.1427681241157422,0.775367962756135,0.14463810527196347,-0.2105306213133691,0.0
0.7135430594670469,-0.142785073633242,0.7752984204333837,0.14465087977697838,-0.2100605802279235,0.0
0.7136114013494204,-0.14280191370671985,0.7752291865588945,0.14466356329322191,-0.20959261691494735,0.0
0.713679442815976,-0.14281864529459515,0.7751602591016166,0.1446761566580249,-0.20912671774176605,0.0
0.7137471858264758,-0.14283526934474325,0.7750916360481385,0.14468866069922176,-0.2086628691936504,0.0
0.7138146323238298,-0.14285178679463473,0.7750233154024985,0.14470107623527853,-0.2082010578725449,0.0
0.7138817842342744,-0.14286819857147265,0.7749552951859977,0.14471340407541897,-0.20774127049583077,0.0
0.7139486434675489,-0.14288450559232763,0.7748875734370161,0.14472564501974886,-0.20728349389509496,0.0
0.7140152119170705,-0.14290070876427072,0.7748201482108295,0.144737799859378,-0.20682771501491798,0.0
0.7140814914601059,-0.14291680898450446,0.7747530175794305,0.14474986937654077,-0.20637392091167803,0.0
0.7141474839579421,-0.1429328071404918,0.7746861796313506,0.14476185434471436,-0.20592209875236356,0.0
0.7142131912560539,-0.14294870411008315,0.7746196324714847,0.1447737555287355,-0.20547223581340943,0.0
0.7142786151842697,-0.14296450076164133,0.774553374220918,0.14478557368491535,-0.20502431947954117,0.0
0.714343757556936,-0.1429801979541649,0.7744874030167553,0.1447973095611524,-0.20457833724263902,0.0
0.7144086201730786,-0.1429957965374092,0.7744217170119522,0.14480896389704384,-0.20413427670061177,0.0
0.7144732048165623,-0.1430112973520062,0.7743563143751475,0.14482053742399528,-0.20369212555628383,0.0
0.7145375132562496,-0.14302670122958183,0.7742911932904998,0.14483203086532853,-0.2032518716163015,0.0
0.7146015472461553,-0.14304200899287206,0.7742263519575242,0.1448434449363879,-0.20281350279005128,0.0
0.7146653085256018,-0.14305722145583702,0.7741617885909317,0.14485478034464497,-0.20237700708858194,0.0
0.7147287988193702,-0.14307233942377345,0.7740975014204707,0.14486603778980153,-0.20194237262355538,0.0
0.7147920198378507,-0.1430873636934255,0.774033488690771,0.14487721796389116,-0.2015095876062059,0.0
0.7148549732771915,-0.14310229505309385,0.7739697486611877,0.14488832155137923,-0.20107864034629352,0.0
0.7149176608194445,-0.1431171342827431,0.7739062796056501,0.1448993492292612,-0.2006495192511082,0.0
0.7149800841327111,-0.14313188215410794,0.7738430798125092,0.14491030166715982,-0.2002222128244421,0.0
0.7150422448712841,-0.14314653943079717,0.7737801475843902,0.1449211795274204,-0.19979670966561366,0.0
0.7151041446757898,-0.1431611068683967,0.7737174812380438,0.1449319834652051,-0.19937299846847542,0.0
0.7151657851733271,-0.1431755852145708,0.7736550791042021,0.14494271412858553,-0.19895106802045084,0.0
0.7152271679776058,-0.14318997520916185,0.7735929395274338,0.1449533721586339,-0.19853090720157016,0.0
0.7152882946890823,-0.14320427758428866,0.7735310608660034,0.14496395818951313,-0.1981125049835335,0.0
0.7153491668950944,-0.14321849306444331,0.7734694414917301,0.14497447284856538,-0.1976958504287686,0.0
0.7154097861699945,-0.1432326223665868,0.7734080797898499,0.14498491675639918,-0.19728093268951055,0.0
0.7154701540752804,-0.14324666620024284,0.7733469741588787,0.14499529052697568,-0.19686774100689045,0.0
0.7155302721597255,-0.14326062526759087,0.773286123010477,0.14500559476769298,-0.19645626471003205,0.0
0.7155901419595069,-0.14327450026355712,0.7732255247693164,0.14501583007946992,-0.19604649321516618,0.0
0.7156497649983319,-0.14328829187590475,0.7731651778729481,0.1450259970568281,-0.1956384160247441,0.0
0.7157091427875635,-0.14330200078532274,0.7731050807716724,0.1450360962879729,-0.19523202272657672,0.0
0.7157682768263438,-0.14331562766551298,0.7730452319284097,0.1450461283548734,-0.1948273029929685,0.0
0.7158271686017164,-0.14332917318327687,0.7729856298185733,0.14505609383334098,-0.1944242465798745,0.0
0.715885819588747,-0.14334263799859992,0.7729262729299445,0.1450659932931067,-0.19402284332605815,0.0
0.7159442312506428,-0.14335602276473564,0.7728671597625475,0.1450758272978979,-0.19362308315226676,0.0
0.7160024050388706,-0.143369328128288,0.7728082888285271,0.14508559640551322,-0.19322495606041076,0.0
0.7160603423932731,-0.14338255472929295,0.7727496586520275,0.14509530116789696,-0.1928284521327532,0.0
0.7161180447421841,-0.14339570320129827,0.7726912677690724,0.145104942131212,-0.1924335615311159,0.0
0.7161755135025423,-0.14340877417144302,0.7726331147274467,0.14511451983591198,-0.1920402744960853,0.0
0.7162327500800039,-0.14342176826053504,0.7725751980865797,0.14512403481681216,-0.19164858134623228,0.0
0.7162897558690536,-0.14343468608312818,0.772517516417429,0.1451334876031595,-0.19125847247734273,0.0
0.7163465322531147,-0.14344752824759766,0.772460068302367,0.14514287871870152,-0.1908699383616542,0.0
0.7164030806046572,-0.14346029535621505,0.7724028523350672,0.14515220868175435,-0.19048296954710497,0.0
0.7164594022853055,-0.14347298800522162,0.7723458671203933,0.1451614780052696,-0.19009755665658354,0.0
0.7165154986459443,-0.14348560678490102,0.7722891112742889,0.14517068719690063,-0.18971369038720134,0.0
0.716571371026824,-0.14349815227965093,0.7722325834236679,0.14517983675906737,-0.18933136150955762,0.0
0.7166270207576629,-0.14351062506805343,0.7721762822063076,0.14518892718902066,-0.18895056086702483,0.0
0.7166824491577514,-0.14352302572294467,0.772120206270742,0.1451979589789055,-0.18857127937503895,0.0
0.7167376575360516,-0.14353535481148344,0.7720643542761562,0.14520693261582332,-0.18819350802039544,0.0
0.7167926471912986,-0.14354761289521883,0.7720087248922831,0.14521584858189357,-0.1878172378605547,0.0
0.716847419412099,-0.14355980053015693,0.7719533167993005,0.14522470735431417,-0.18744246002295828,0.0
0.716901975477028,-0.14357191826682658,0.7718981286877288,0.14523350940542143,-0.18706916570434928,0.0
0.7169563166547275,-0.14358396665034417,0.7718431592583316,0.14524225520274886,-0.1866973461701014,0.0
0.7170104442040002,-0.14359594622047783,0.7717884072220158,0.1452509452090853,-0.1863269927535596,0.0
0.7170643593739048,-0.14360785751171024,0.7717338712997339,0.14525957988253216,-0.18595809685538053,0.0
0.7171180634038494,-0.14361970105330105,0.7716795502223868,0.14526815967655987,-0.18559064994288868,0.0
0.7171715575236839,-0.14363147736934814,0.7716254427307278,0.14527668504006358,-0.1852246435494343,0.0
0.7172248429537905,-0.1436431869788482,0.7715715475752682,0.14528515641741813,-0.18486006927376103,0.0
0.7172779209051751,-0.14365483039575636,0.7715178635161835,0.14529357424853206,-0.1844969187793824,0.0
0.7173307925795553,-0.14366640812904516,0.7714643893232207,0.1453019389689011,-0.1841351837939598,0.0
0.7173834591694499,-0.14367792068276258,0.7714111237756065,0.14531025100966077,-0.18377485610869265,0.0
0.7174359218582649,-0.14368936855608933,0.7713580656619577,0.14531851079763833,-0.18341592757771452,0.0
0.7174881818203805,-0.14370075224339526,0.7713052137801906,0.14532671875540393,-0.18305839011749517,0.0
0.7175402402212363,-0.1437120722342954,0.7712525669374329,0.14533487530132116,-0.18270223570624786,0.0
0.7175920982174151,-0.14372332901370455,0.7712001239499371,0.14534298084959685,-0.18234745638334798,0.0
